"screen_name","id_num","id_str","created_at","text","retweet_count","favorite_count"
"BBCWorld","1278746331104841728","1278746331104841728","2020-07-02 17:44:17","b'Italian marines accused of killing two Indian fishermen in 2012 are entitled to immunity, court rules https://t.co/AmQl0k52vr'","36","113"
"BBCWorld","1278742995748163584","1278742995748163584","2020-07-02 17:31:02","b'RT @bbcworldservice: THREAD: Where are #Covid19 cases still rising? \n \n(1/7) The US broke a new daily record with 52,000 infections on Wedn\xe2\x80\xa6'","25","0"
"BBCWorld","1278742116496289792","1278742116496289792","2020-07-02 17:27:33","b'Publisher 2K Games first to reveal it will charge more for PS5 and Xbox Series X title https://t.co/Id3ph6djoo'","23","98"
"BBCWorld","1278737665190432774","1278737665190432774","2020-07-02 17:09:51","b""Facebook boss Mark Zuckerberg: Advertisers will be back 'soon enough' https://t.co/05RPk2qt13""","83","293"
"BBCWorld","1278719853847814144","1278719853847814144","2020-07-02 15:59:05","b'Gunmen storm drug rehabilitation centre in central Mexico, killing 24 people https://t.co/KoDhmN9zHN'","120","297"
"BBCWorld","1278713539818147841","1278713539818147841","2020-07-02 15:33:59","b""What does the Hong Kong crisis tell us about China's place in the world?\n\nBBC's Jonathan Marcus takes a look https://t.co/YesFmKVyNy""","154","423"
"BBCWorld","1278711192257773568","1278711192257773568","2020-07-02 15:24:40","b'RT @BBCNews: ""I saw [Captain Tom] walking on TV. I said \'I can do that\'""\n\nFive-year-old Tony Hudgell has raised over \xc2\xa31m for the hospital t\xe2\x80\xa6'","266","0"
"BBCWorld","1278701628661604353","1278701628661604353","2020-07-02 14:46:40","b'Students and school-leavers around the world are likely to face difficulties in accessing the jobs market\n\nThis 2008 graduate has advice for how to survive, and even thrive, in a global financial crisis\n\nhttps://t.co/kFF6zSHa2C https://t.co/ngBmHfTAEn'","92","279"
"BBCWorld","1278698743454470146","1278698743454470146","2020-07-02 14:35:12","b'RT @BBCPolitics: UK and EU say serious differences remain over post-Brexit trade deal, following latest negotiations in Brussels \n\nhttps://\xe2\x80\xa6'","68","0"
"BBCWorld","1278695156527611910","1278695156527611910","2020-07-02 14:20:56","b'Despite two straight months of jobs growth, US employment is still 15 million below its pre-pandemic level, with the jobless rate just above 11%\n\nhttps://t.co/HYNyNoWXnm https://t.co/KQKNIwPUJl'","145","274"
"BBCWorld","1278694667945684993","1278694667945684993","2020-07-02 14:19:00","b'The US economy created jobs at a record pace in June, as firms took on more staff after the coronavirus downturn https://t.co/eBKduopIo3'","37","183"
"BBCWorld","1278686465963294723","1278686465963294723","2020-07-02 13:46:24","b'""This is the largest monthly jobs gain in the history of our country""\n\nPresident Trump says US firms created a record 4.8 million jobs in June, saying ""today\'s announcement proves that our economy is roaring back""\n\nhttps://t.co/03FDxfKXZq https://t.co/UOzq8BvM00'","121","552"
"BBCWorld","1278684288855220224","1278684288855220224","2020-07-02 13:37:45","b'RT @BBCBreaking: FBI arrests British socialite Ghislaine Maxwell, an associate of late disgraced financier Jeffrey Epstein https://t.co/BK7\xe2\x80\xa6'","3206","0"
"BBCWorld","1278677481877377025","1278677481877377025","2020-07-02 13:10:43","b""RT @BBCSport: It's been confirmed that Manchester City will give Premier League champions Liverpool a guard of honour when the two teams me\xe2\x80\xa6""","106","0"
"BBCWorld","1278672403556638720","1278672403556638720","2020-07-02 12:50:32","b'RT @BBCr4today: The top US expert in infectious diseases, Dr Anthony Fauci, spoke to @JustinOnWeb and expressed his concern over the rise i\xe2\x80\xa6'","73","0"
"BBCWorld","1278670719073816577","1278670719073816577","2020-07-02 12:43:50","b'France to rename streets after African WW2 heroes https://t.co/KUGols4M4Q'","253","1319"
"BBCWorld","1278669821153067014","1278669821153067014","2020-07-02 12:40:16","b'RT @BBCNews: ""Mummy, what\'s his name?""\n\nThe charming moment an expert\'s daughter interrupts her live on TV  \xf0\x9f\xa6\x84\n\nhttps://t.co/GKXX7M77Ik http\xe2\x80\xa6'","484","0"
"BBCWorld","1278663747746365440","1278663747746365440","2020-07-02 12:16:08","b'Iran says there has been an ""incident"" at one of its nuclear facilities https://t.co/aD8yI0cGAz'","318","619"
"BBCWorld","1278658447681216515","1278658447681216515","2020-07-02 11:55:04","b""Fires in Brazil's Amazon rainforest at 13-year high in June https://t.co/DhacwGglIR""","222","493"
"BBCWorld","1278653407864160256","1278653407864160256","2020-07-02 11:35:03","b'Police suspended after dragging naked man from a house in Cape Town, South Africa in eviction caught on video https://t.co/p98PMthE2L'","116","377"
"BBCWorld","1278648782964563970","1278648782964563970","2020-07-02 11:16:40","b'France suspends Nato mission role, accusing Turkey of violating an arms embargo against Libya https://t.co/l3aumbWki4'","153","476"
"BBCWorld","1278646546918236160","1278646546918236160","2020-07-02 11:07:47","b""RT @BBCBreaking: 'Iconic' crime figures are among 746 arrests after a secret communications system was 'successfully penetrated' https://t.\xe2\x80\xa6""","399","0"
"BBCWorld","1278642011059425281","1278642011059425281","2020-07-02 10:49:46","b'Ireland sees significant increase in percentage of coronavirus cases from international travel, health minister says https://t.co/UNKkCp85si'","108","264"
"BBCWorld","1278636495641993217","1278636495641993217","2020-07-02 10:27:51","b""President Maduro's government will not have access to $1bn (\xc2\xa3820m) of Venezuelan gold stored in the Bank of England, after UK High Court ruling https://t.co/m4gGPUaBIw""","449","1327"
"BBCWorld","1278630205301698560","1278630205301698560","2020-07-02 10:02:51","b'Funeral for Ethiopian singer Hachalu Hundessa, as unrest over his death spreads from Oromia region where he was seen as a hero https://t.co/LYJ5VBxpN8'","47","163"
"BBCWorld","1278624144037380096","1278624144037380096","2020-07-02 09:38:46","b'RT @BBCNews: Dozens of countries will be exempt from travel quarantine from Monday, UK government sources indicate\n\nhttps://t.co/lpHF7hqqez'","91","0"
"BBCWorld","1278620298804428801","1278620298804428801","2020-07-02 09:23:29","b'Primark plans to open five new stores in the US, France and Poland, despite economic uncertainty over coronavirus \n\nhttps://t.co/w9NdHLJbjE'","49","240"
"BBCWorld","1278616474882584579","1278616474882584579","2020-07-02 09:08:17","b'Turkish court delays decision on whether 1,500-year-old Hagia Sophia in Istanbul can be converted into a mosque https://t.co/dd4IMkxpMY'","148","538"
"BBCWorld","1278611158132547584","1278611158132547584","2020-07-02 08:47:10","b'RT @BBCBreakfast: ""97% of grass roots venues cannot stay afloat with social distancing""\n@KTTunstall tells #BBCBreakfast why she\'s backing t\xe2\x80\xa6'","151","0"
"BBCWorld","1278607066148622337","1278607066148622337","2020-07-02 08:30:54","b'\xe2\x9e\xa1\xef\xb8\x8f US daily coronavirus infections hit new high\n\xe2\x9e\xa1\xef\xb8\x8f President Trump changes tack and says he would wear a mask \n\xe2\x9e\xa1\xef\xb8\x8f Around 75 countries could be exempt from UK travel quarantine rules\n\nLatest on pandemic: https://t.co/DEf6Uyxm8N https://t.co/dUzp3RKfEU'","62","201"
"BBCWorld","1278593314225356800","1278593314225356800","2020-07-02 07:36:15","b'RT @BBCWorld: Hong Kong: US passes sanctions as world condemns new law https://t.co/0yWrCu4ozc'","481","0"
"BBCWorld","1278593274698219523","1278593274698219523","2020-07-02 07:36:06","b""RT @BBCWorld: Coronavirus: 'I'm all for masks,' says Trump in change of tone https://t.co/dBKjSSEW9g""","209","0"
"BBCWorld","1278593000537575427","1278593000537575427","2020-07-02 07:35:01","b'RT @BBCWorld: Geoffrey Rush: Sydney newspaper loses appeal over defamation payout https://t.co/QPUYhWpixU'","62","0"
"BBCWorld","1278592976151773186","1278592976151773186","2020-07-02 07:34:55","b'RT @BBCWorld: Hagia Sophia: Turkey to rule on turning site into mosque https://t.co/6ela8DFE0G'","172","0"
"BBCWorld","1278592941951418369","1278592941951418369","2020-07-02 07:34:47","b'RT @BBCWorld: CIA did not verbally brief Trump on Russia report, says official https://t.co/LtXTvVVKwU'","71","0"
"BBCWorld","1278592855829815296","1278592855829815296","2020-07-02 07:34:26","b'RT @BBCSport: Free agent guard JR Smith has been reunited with LeBron James at the #LALakers for the rest of the season.\n\nMore \xf0\x9f\x91\x89 https://t.\xe2\x80\xa6'","38","0"
"BBCWorld","1278592104743174144","1278592104743174144","2020-07-02 07:31:27","b""RT @BBCr4today: The US has reached a new record for the number of new cases in one day - 52,982. America's leading infectious disease exper\xe2\x80\xa6""","362","0"
"BBCWorld","1278591304671416320","1278591304671416320","2020-07-02 07:28:16","b'RT @BBCNews: #Americast is back! \xf0\x9f\x87\xba\xf0\x9f\x87\xb8@maitlis, @BBCJonSopel &amp; @awzurcher will be with you until polling day\n \nOn this episode...\n \n- Coronavi\xe2\x80\xa6'","37","0"
"BBCWorld","1278580416283279360","1278580416283279360","2020-07-02 06:45:00","b'RT @BBCBreakfast: Our frontline emergency workers,  including doctors and paramedics, could be honoured with a permanent monument in centra\xe2\x80\xa6'","128","0"
"BBCWorld","1278580122627584001","1278580122627584001","2020-07-02 06:43:50","b'RT @BBCSport: ""A huge positive.""\n\nReal Madrid have finally launched their own women\'s team.\n\nMore: https://t.co/AIgpFZdRaS https://t.co/BEC\xe2\x80\xa6'","205","0"
"BBCWorld","1278573066432512001","1278573066432512001","2020-07-02 06:15:48","b'RT @BBCSteveR: \xe2\x80\x9cRussia is going in the wrong direction."" Our report for #BBCNewsTen on the controversial vote that could keep Vladimir Puti\xe2\x80\xa6'","209","0"
"BBCWorld","1278568464970665984","1278568464970665984","2020-07-02 05:57:31","b'Myanmar jade mine landslide kills dozens https://t.co/duBem3lMO7'","77","220"
"BBCWorld","1278543539572523008","1278543539572523008","2020-07-02 04:18:28","b""Xinjiang: US seizes 'forced labour' Chinese hair imports https://t.co/gaaSe4TlWE""","694","1021"
"BBCWorld","1278538472048001024","1278538472048001024","2020-07-02 03:58:20","b'Jeyraj and Fenix: Five policemen arrested over India custody deaths https://t.co/m9f5e5bTQd'","66","239"
"BBCWorld","1278532789793677312","1278532789793677312","2020-07-02 03:35:45","b'Hong Kong: US passes sanctions as world condemns new law https://t.co/0yWrCu4ozc'","481","1693"
"BBCWorld","1278497934393380865","1278497934393380865","2020-07-02 01:17:15","b'New Zealand health minister resigns after blunders https://t.co/g15kTDYa5e'","129","407"
"BBCWorld","1278479228091187207","1278479228091187207","2020-07-02 00:02:55","b'Geoffrey Rush: Sydney newspaper loses appeal over defamation payout https://t.co/QPUYhWpixU'","62","258"
"BBCWorld","1278472444731445248","1278472444731445248","2020-07-01 23:35:58","b""Coronavirus: 'I'm all for masks,' says Trump in change of tone https://t.co/dBKjSSEW9g""","209","878"
"BBCWorld","1278471302882504705","1278471302882504705","2020-07-01 23:31:26","b""Hachalu Hundessa - Ethiopia's murdered musician who sang for freedom https://t.co/I4sHiF0pMQ""","76","226"
"BBCWorld","1278470742171095040","1278470742171095040","2020-07-01 23:29:12","b'Hagia Sophia: Turkey to rule on turning site into mosque https://t.co/6ela8DFE0G'","172","436"
"cnni","1278750283812737024","1278750283812737024","2020-07-02 18:00:00","b'""It violates Hong Kong\'s high degree of autonomy and is in direct conflict with Hong Kong Basic Law.""\n\nUK Prime Minister Boris Johnson condemns China\'s new national security law and outlines a path to citizenship for eligible Hong Kong residents. https://t.co/K5vxRMgFpm https://t.co/09X1Sf0Mw6'","10","35"
"cnni","1278747766793986048","1278747766793986048","2020-07-02 17:50:00","b'NASA has released a 10-year timelapse of the sun by capturing 425 million high-resolution images https://t.co/7hjXsvBQs3 https://t.co/lKzaH0MVuH'","63","180"
"cnni","1278745271183314948","1278745271183314948","2020-07-02 17:40:05","b""How the national security law is bringing China's authoritarian legal system to Hong Kong | Analysis by @Nectar_Gan https://t.co/Qkc8DDiubl https://t.co/1tqZN94ufh""","54","62"
"cnni","1278743259448311808","1278743259448311808","2020-07-02 17:32:05","b""Japan's latest record-breaking bullet train doesn't only run faster and smoother -- it's also able to transport passengers to safety in the event of an earthquake. https://t.co/ZnApANmr40""","67","277"
"cnni","1278739494934581249","1278739494934581249","2020-07-02 17:17:08","b'Solar and wind power are booming. Electric vehicles are so promising that Tesla is now worth more than ExxonMobil. Coal is collapsing.\n\nAnd yet energy watchdogs are warning that not nearly enough is being done to fight the climate crisis. https://t.co/LMQVQga0WH'","49","130"
"cnni","1278735243365830656","1278735243365830656","2020-07-02 17:00:14","b'""Because of my stupidity I put my mom and sisters and my family\'s health in jeopardy."" \n\nA Southern California man, who tested positive for coronavirus after attending a party, expressed his fear and regret a day before he died. https://t.co/y7k5G4Q6HV'","74","137"
"cnni","1278733427433525248","1278733427433525248","2020-07-02 16:53:01","b""Venezuela's embattled ruler Nicol\xc3\xa1s Maduro has been denied access to roughly $1 billion in gold reserves held by the Bank of England after a UK court ruled that the British government has recognized Juan Guaid\xc3\xb3 as president. https://t.co/Zrzg9ddEud""","40","147"
"cnni","1278728675236683783","1278728675236683783","2020-07-02 16:34:08","b""Japan's latest record-breaking bullet train doesn't only run faster and smoother -- it's also able to transport passengers to safety in the event of an earthquake. https://t.co/O18Lc3I25F""","210","715"
"cnni","1278725133755129861","1278725133755129861","2020-07-02 16:20:04","b""Russian President Vladimir Putin is already one of the world's longest-serving leaders, and on Wednesday, voters paved the way for him to rule the country until 2036. https://t.co/umYuz0ernS""","63","148"
"cnni","1278722600991166464","1278722600991166464","2020-07-02 16:10:00","b'NASA has released a 10-year timelapse of the sun by capturing 425 million high-resolution images https://t.co/7hjXsvkfAv https://t.co/UZ52L6ArNe'","83","289"
"cnni","1278720142826930181","1278720142826930181","2020-07-02 16:00:14","b'""I would never have imagined in a million years that I would get this virus the way that I did.""\n\nA healthy 30-year-old man went to a crowded bar. He ended up in a hospital on a breathing tube https://t.co/ydzHR3aV3E https://t.co/80NMBoZsWO'","68","142"
"cnni","1278718093557215235","1278718093557215235","2020-07-02 15:52:05","b'Australian officials have launched an inquiry amid allegations a Covid-19 outbreak was sparked by contracted workers not following protocol at a hotel used to quarantine international arrivals -- including reportedly having sex with people in lockdown https://t.co/apAf5RsAyh'","24","54"
"cnni","1278716076247912449","1278716076247912449","2020-07-02 15:44:04","b'Four Indian police officers were arrested Wednesday for allegedly murdering a father and son who were in custody after being accused of breaking coronavirus restrictions. https://t.co/Z02Hyen9mK'","40","119"
"cnni","1278714069810401280","1278714069810401280","2020-07-02 15:36:06","b'Some young people in Alabama are throwing Covid-19 parties, a disturbing competition where people who have coronavirus attend and the first person to get infected receives a payout, local officials say. https://t.co/6H0y7gVxvQ'","148","206"
"cnni","1278712804606869505","1278712804606869505","2020-07-02 15:31:04","b""Donald Trump's refusal to set an example by wearing a face covering, despite growing evidence that it may be one of the most effective ways to slow America's increasingly disastrous pandemic, was always a political statement | Analysis by @StCollinson https://t.co/cOV6udDz5r""","61","245"
"cnni","1278710052971589632","1278710052971589632","2020-07-02 15:20:08","b""NPC International, the operator of 1,200 Pizza Hut and nearly 400 Wendy's restaurants in the United States, has filed for bankruptcy. https://t.co/lSmYmyQFSf""","79","112"
"cnni","1278708278747373568","1278708278747373568","2020-07-02 15:13:05","b'""It\'s appalling -- we need to know what the hell is going on.""\n\nMore than 360 elephants have died in mysterious circumstances in Botswana in the past three months, according to local conservationists. https://t.co/AbcZe90rqy'","110","232"
"cnni","1278703255149776896","1278703255149776896","2020-07-02 14:53:07","b""Venezuela's embattled ruler Nicol\xc3\xa1s Maduro has been denied access to roughly $1 billion in gold reserves held by the Bank of England after a UK court ruled that the British government has recognized Juan Guaid\xc3\xb3 as president. https://t.co/bT7Ft8WyGW""","64","176"
"cnni","1278701980203048962","1278701980203048962","2020-07-02 14:48:03","b'This was supposed to be the year that Beijing would announce it had ended absolute poverty in China, fulfilling a key pledge of President Xi Jinping and one of the founding missions of the Chinese Communist Party. https://t.co/hQezKBfPch'","22","60"
"cnni","1278701245772029954","1278701245772029954","2020-07-02 14:45:08","b'Solar and wind power are booming. Electric vehicles are so promising that Tesla is now worth more than ExxonMobil. Coal is collapsing.\n\nAnd yet energy watchdogs are warning that not nearly enough is being done to fight the climate crisis. https://t.co/UI0kl4yc7j'","59","152"
"cnni","1278697958461124608","1278697958461124608","2020-07-02 14:32:05","b'""Because of my stupidity I put my mom and sisters and my family\'s health in jeopardy."" \n\nA Southern California man, who tested positive for coronavirus after attending a party, expressed his fear and regret a day before he died. https://t.co/brMJcxcyPi'","131","243"
"cnni","1278695685404209152","1278695685404209152","2020-07-02 14:23:03","b'At least 81 people are dead in Ethiopia in massive protests that erupted after the killing of singer and activist Hachalu Hundessa, a local police commissioner told state media. https://t.co/t8WSC0VE90'","69","148"
"cnni","1278692169063239680","1278692169063239680","2020-07-02 14:09:04","b""Japan's latest record-breaking bullet train doesn't only run faster and smoother -- it's also able to transport passengers to safety in the event of an earthquake. https://t.co/ZA1VUv48Yp""","175","686"
"cnni","1278689886355111938","1278689886355111938","2020-07-02 14:00:00","b'""It violates Hong Kong\'s high degree of autonomy and is in direct conflict with Hong Kong Basic Law.""\n\nUK Prime Minister Boris Johnson condemns China\'s new national security law and outlines a path to citizenship for eligible Hong Kong residents. https://t.co/K5vxRMyggU https://t.co/oCBMuZ76EA'","290","389"
"cnni","1278688133580836872","1278688133580836872","2020-07-02 13:53:02","b'""I, too, am sorry. Sorry that we haven\'t got the world to the place that you deserve it to be."" \n\nPrince Harry has said that institutional racism is ""endemic"" in society and apologized that not enough has been done to combat it. https://t.co/rsBEnGncbm'","90","615"
"cnni","1278685363096207365","1278685363096207365","2020-07-02 13:42:02","b""A New York appellate court lifted the temporary restraining order against Simon &amp; Schuster -- the publisher of a tell-all book by Donald Trump's niece -- allowing them to move forward with printing copies of the book and shipping them to retailers https://t.co/W2aZmuLziJ""","40","198"
"cnni","1278685112314494976","1278685112314494976","2020-07-02 13:41:02","b""JUST IN: Ghislaine Maxwell has been arrested in connection with the Jeffrey Epstein investigation, a person familiar with the matter says. Epstein's longtime friend has been under investigation for facilitating his recruitment of young girls and women. https://t.co/REE4JlmX9o""","115","396"
"cnni","1278684867103010816","1278684867103010816","2020-07-02 13:40:03","b""How the national security law is bringing China's authoritarian legal system to Hong Kong | Analysis by @Nectar_Gan https://t.co/uiHXjGuUrF https://t.co/raCXBiL2Iy""","315","350"
"cnni","1278679832923176960","1278679832923176960","2020-07-02 13:20:03","b'""It\'s appalling -- we need to know what the hell is going on.""\n\nMore than 360 elephants have died in mysterious circumstances in Botswana in the past three months, according to local conservationists. https://t.co/dkcHe2W7DK'","96","174"
"cnni","1278674801301880832","1278674801301880832","2020-07-02 13:00:03","b'A groom infected with coronavirus died two days after his wedding in eastern India, and 80 people linked to the ceremony tested positive for Covid-19. https://t.co/3mkym2vWZ3'","54","95"
"cnni","1278672040153829376","1278672040153829376","2020-07-02 12:49:05","b'At least 81 people are dead in Ethiopia in massive protests that erupted after the killing of singer and activist Hachalu Hundessa, a local police commissioner told state media. https://t.co/bZckBgcBA2'","90","145"
"cnni","1278664752240132096","1278664752240132096","2020-07-02 12:20:08","b""Russian President Vladimir Putin is already one of the world's longest-serving leaders, and on Wednesday, voters paved the way for him to rule the country until 2036. https://t.co/D5a5QgtMuO""","82","251"
"cnni","1278662231400558594","1278662231400558594","2020-07-02 12:10:07","b'Some young people in Alabama are throwing Covid-19 parties, a disturbing competition where people who have coronavirus attend and the first person to get infected receives a payout, local officials say. https://t.co/jp8PoX3a3w'","3340","4351"
"cnni","1278659194447634433","1278659194447634433","2020-07-02 11:58:02","b'A group of former George W. Bush administration and campaign officials have launched a committee to mobilize disaffected Republican voters for presumptive Democratic presidential nominee Joe Biden. https://t.co/AkGNyMWxtA'","63","312"
"cnni","1278658146265960452","1278658146265960452","2020-07-02 11:53:53","b""Venezuela's embattled ruler Nicol\xc3\xa1s Maduro has been denied access to roughly $1 billion in gold reserves held by the Bank of England after a UK court ruled that the British government has recognized Juan Guaid\xc3\xb3 as president. https://t.co/TWFIWFyn6d""","69","179"
"cnni","1278654510848790529","1278654510848790529","2020-07-02 11:39:26","b'Australian officials have launched an inquiry amid allegations a Covid-19 outbreak was sparked by contracted workers not following protocol at a hotel used to quarantine international arrivals -- including reportedly having sex with people in lockdown https://t.co/eItlnbccoS'","42","62"
"cnni","1278653166469382145","1278653166469382145","2020-07-02 11:34:05","b'Four Indian police officers were arrested Wednesday for allegedly murdering a father and son who were in custody after being accused of breaking coronavirus restrictions. https://t.co/datLnBP2yO'","36","85"
"cnni","1278649634664206337","1278649634664206337","2020-07-02 11:20:03","b""NPC International, the operator of 1,200 Pizza Hut and nearly 400 Wendy's restaurants in the United States, has filed for bankruptcy. https://t.co/3t0NpDf7Bn""","89","134"
"cnni","1278648197171367943","1278648197171367943","2020-07-02 11:14:20","b'""It violates Hong Kong\'s high degree of autonomy and is in direct conflict with Hong Kong Basic Law.""\n\nUK Prime Minister Boris Johnson condemns China\'s new national security law and outlines a path to citizenship for eligible Hong Kong residents. https://t.co/K5vxRMgFpm https://t.co/Lbi1DtScM3'","72","169"
"cnni","1278644644428025861","1278644644428025861","2020-07-02 11:00:13","b'""I would never have imagined in a million years that I would get this virus the way that I did.""\n\nA healthy 30-year-old man went to a crowded bar. He ended up in a hospital on a breathing tube https://t.co/tDB35YtH68 https://t.co/FFjXfKDpGU'","80","143"
"cnni","1278642100284915712","1278642100284915712","2020-07-02 10:50:07","b""Hundreds of brands are pulling ads from Facebook. Its largest advertisers aren't among them. https://t.co/MljxJ6z7zf https://t.co/F12U4RVoXG""","40","87"
"cnni","1278639835968933888","1278639835968933888","2020-07-02 10:41:07","b'""Because of my stupidity I put my mom and sisters and my family\'s health in jeopardy."" \n\nA Southern California man, who tested positive for coronavirus after attending a party, expressed his fear and regret a day before he died. https://t.co/YWVeMpygfX'","233","385"
"cnni","1278639148975509505","1278639148975509505","2020-07-02 10:38:23","b""BREAKING: At least 116 people have died and others are feared trapped after a landslide at a jade mine in northern Myanmar's Kachin State, according to officials. https://t.co/YgBbHnhieM""","75","155"
"cnni","1278637057435369473","1278637057435369473","2020-07-02 10:30:05","b""Donald Trump's refusal to set an example by wearing a face covering, despite growing evidence that it may be one of the most effective ways to slow America's increasingly disastrous pandemic, was always a political statement | Analysis by @StCollinson https://t.co/ljnz6wGYmr""","74","233"
"cnni","1278634798618206208","1278634798618206208","2020-07-02 10:21:06","b""Japan's latest record-breaking bullet train doesn't only run faster and smoother -- it's also able to transport passengers to safety in the event of an earthquake. https://t.co/o4tCJpLRqJ""","412","1533"
"cnni","1278632274578341888","1278632274578341888","2020-07-02 10:11:04","b'Solar and wind power are booming. Electric vehicles are so promising that Tesla is now worth more than ExxonMobil. Coal is collapsing.\n\nAnd yet energy watchdogs are warning that not nearly enough is being done to fight the climate crisis. https://t.co/iZO17L5TTx'","60","166"
"cnni","1278629267350392832","1278629267350392832","2020-07-02 09:59:07","b'This was supposed to be the year that Beijing would announce it had ended absolute poverty in China, fulfilling a key pledge of President Xi Jinping and one of the founding missions of the Chinese Communist Party. https://t.co/Ok3q4EjUYT'","22","63"
"cnni","1278626984449490945","1278626984449490945","2020-07-02 09:50:03","b""How the national security law is bringing China's authoritarian legal system to Hong Kong | Analysis by @Nectar_Gan https://t.co/x1Y1fnzU2c https://t.co/p3rzkyFOb7""","32","63"
"cnni","1278624986408849408","1278624986408849408","2020-07-02 09:42:07","b""A New York appellate court lifted the temporary restraining order against Simon &amp; Schuster -- the publisher of a tell-all book by Donald Trump's niece -- allowing them to move forward with printing copies of the book and shipping them to retailers https://t.co/X38ojrHw8Z""","76","248"
"cnni","1278621957106405379","1278621957106405379","2020-07-02 09:30:04","b""Russian President Vladimir Putin is already one of the world's longest-serving leaders, and on Wednesday, voters paved the way for him to rule the country until 2036. https://t.co/kNQNjBfe84""","137","368"
"ABC","1278749788389941249","1278749788389941249","2020-07-02 17:58:02","b'RT @FiveThirtyEight: The unemployment rate is falling, but more people are losing their jobs permanently. https://t.co/QJNFVDhVgk'","31","0"
"ABC","1278748592799453185","1278748592799453185","2020-07-02 17:53:17","b""MORE: Cain, a Black Voices for Trump co-chair, attended Pres. Donald Trump's June 20 rally in Tulsa. https://t.co/hAxKSaUYcV""","22","53"
"ABC","1278748538776752129","1278748538776752129","2020-07-02 17:53:04","b""Congress wants to see what the Pentagon and the nation's intelligence agencies know about UFOs, not because extraterrestrials are involved\xe2\x80\x94but because of concerns they might represent advanced technological threats from foreign adversaries. https://t.co/BQF9Izln0p https://t.co/QaPRFKeWPK""","89","198"
"ABC","1278748041848160263","1278748041848160263","2020-07-02 17:51:05","b'""I just want people to know this is actually happening, that this is real life. People are actually getting kicked down the street."" https://t.co/nnNvpDExi1'","42","69"
"ABC","1278746398855319554","1278746398855319554","2020-07-02 17:44:34","b'LATEST: Former Republican presidential candidate Herman Cain is in an Atlanta-area hospital being treated for the coronavirus, a spokesperson says in a statement. https://t.co/QFcinYSmCD'","61","97"
"ABC","1278742949552173058","1278742949552173058","2020-07-02 17:30:51","b'People wear face masks and observe social distancing as they are sworn in as new American citizens during a ceremony in New York City. https://t.co/OLXAMKgbWG https://t.co/4qe3Oe4AXY'","54","377"
"ABC","1278739236246691844","1278739236246691844","2020-07-02 17:16:06","b'Texas couple dies from COVID-19 while holding hands after 53 years of marriage. https://t.co/b8vTmNzDgq'","104","320"
"ABC","1278738729570631681","1278738729570631681","2020-07-02 17:14:05","b'Germany\xe2\x80\x99s defense minister has disbanded a company of special forces, saying a culture of right-wing extremism had been allowed to develop in it behind a \xe2\x80\x9cwall of secrecy.\xe2\x80\x9d https://t.co/dVWB6HVBdC'","68","154"
"ABC","1278737963652915206","1278737963652915206","2020-07-02 17:11:02","b'Europe has limited the rise in unemployment caused by the pandemic with a wide array of government support programs, but that cannot hide widespread economic distress and anxiety among workers and small business owners. https://t.co/ABfvMQCKY4'","10","27"
"ABC","1278737725303279616","1278737725303279616","2020-07-02 17:10:06","b'A major advisory firm is urging Tesla shareholders to remove CEO Elon Musk from the company\'s board, citing ""a number of concerns"" ranging from his erratic Twitter use, his rush to reopen amid COVID-19 and his ""excessive"" compensation package. https://t.co/kRkZSXe6LH'","87","271"
"ABC","1278736460410171393","1278736460410171393","2020-07-02 17:05:04","b'The Fourth of July weekend is shaping up to be hazy and hot across much of the U.S. https://t.co/fmJrJMtaYU https://t.co/SzX2uWvHNW'","21","63"
"ABC","1278736456849203200","1278736456849203200","2020-07-02 17:05:03","b'Police reformers push for de-escalation training, but the jury is out on its effectiveness. https://t.co/iQv2VvRaJa'","20","49"
"ABC","1278735835274399751","1278735835274399751","2020-07-02 17:02:35","b'LATEST: Casinos in Atlantic City, New Jersey, reopen after a 108-day closure. https://t.co/rIIPHxTbtW'","23","42"
"ABC","1278735446772723713","1278735446772723713","2020-07-02 17:01:02","b'Novak Djokovic and his wife have tested negative for the coronavirus, his media team says, 10 days after announcing they had contracted the disease. https://t.co/dIITu8UnXr'","15","52"
"ABC","1278733429169967110","1278733429169967110","2020-07-02 16:53:01","b'Oklahoma became the first state to expand Medicaid coverage under the Affordable Care Act since the onset of the pandemic. https://t.co/pOfLZw3YO4'","67","201"
"ABC","1278728279550238721","1278728279550238721","2020-07-02 16:32:34","b'""There never was nor shall there be an excuse for the criminal behavior you were subjected to,"" William Sweeney, assistant director in charge of the FBI\'s New York Field Office, says to victims at news conference on charges against Ghislaine Maxwell. https://t.co/V0F6LFYfvr https://t.co/QenlpvMrq2'","146","274"
"ABC","1278725874389524482","1278725874389524482","2020-07-02 16:23:00","b'UPDATE: Florida reported 9,558 new cases yesterday, as well as additional cases as a result of investigations, with a total of more than 10,000. https://t.co/KVdYCey8p7'","40","81"
"ABC","1278725787596623872","1278725787596623872","2020-07-02 16:22:39","b'RT @ABCNewsLive: ""Today, after many years, Ghislaine Maxwell finally stands charged for her role in these crimes,"" SDNY officials say about\xe2\x80\xa6'","52","0"
"ABC","1278724730506432512","1278724730506432512","2020-07-02 16:18:27","b'Pres. Trump swings a baseball bat during the ""Spirit of America Showcase"" at the White House. https://t.co/3L0LYQHOWU https://t.co/SO5RAWJ9DH'","100","545"
"ABC","1278723719804813312","1278723719804813312","2020-07-02 16:14:26","b'MORE: She has been accused by several women of enabling, facilitating or participating in their abuse. She has previously denied wrongdoing. https://t.co/qBccpnkdaY'","57","122"
"ABC","1278723626410401792","1278723626410401792","2020-07-02 16:14:04","b'Rights activists accuse Danish officials of being unable to recognize racism after authorities said the killing of a biracial man by two white men was not racially motivated. https://t.co/IBempOBx83'","19","42"
"ABC","1278723575051059202","1278723575051059202","2020-07-02 16:13:52","b'SDNY officials announce charges against Ghislaine Maxwell.\nhttps://t.co/V0F6LFYfvr\n\n""Maxwell played a critical role in helping Epstein to identify, befriend and groom minor victims for abuse,"" they allege. ""In some cases, Maxwell participated in the abuse."" https://t.co/VnKSTaHZ2Z'","460","912"
"ABC","1278722872446521344","1278722872446521344","2020-07-02 16:11:04","b'The Kremlin appears to have obtained an overwhelming vote in favor of constitutional changes that will allow Russian President Vladimir Putin to remain in power until 2036. https://t.co/mCOZnTz6vS'","49","88"
"ABC","1278722615016919041","1278722615016919041","2020-07-02 16:10:03","b""ACLU joins with law firm to sue Attorney General William Barr and other federal officials in order to delay a federal execution that's scheduled to be carried out later this month, claiming it is unsafe because of coronavirus. https://t.co/GhhB8QycSl""","25","73"
"ABC","1278722472746115073","1278722472746115073","2020-07-02 16:09:29","b'Scientists put four common variations of face coverings\xe2\x80\x94a bandana, a handkerchief mask, an over-the-counter cone style mask and a two-layer quilting cotton mask\xe2\x80\x94under tests to see which ones blocked droplets. https://t.co/HUE1HsmHY1'","113","154"
"ABC","1278721360655609856","1278721360655609856","2020-07-02 16:05:04","b'Officials hold press conference on charges against Ghislaine Maxwell for role in Jeffrey Epstein case. WATCH LIVE: https://t.co/bHTAP5hmqj'","231","262"
"ABC","1278721023643443201","1278721023643443201","2020-07-02 16:03:44","b'Joe Biden says Pres. Trump is \xe2\x80\x9cnot even trying to secure the public health anymore.\xe2\x80\x9d\n\n\xe2\x80\x9cHe\xe2\x80\x99d rather go back to the campaign rallies \xe2\x80\xa6 he\xe2\x80\x99s decided he has more to gain by dividing this country for his own political purposes.\xe2\x80\x9d https://t.co/ORld8tlzXO https://t.co/PmWzStOlq0'","124","446"
"ABC","1278717915630632963","1278717915630632963","2020-07-02 15:51:23","b'Pres. Trump held a press briefing to hail the June jobs report, as economists cautioned that it might not accurately represent the current employment climate. https://t.co/MrNGVWu6Xg https://t.co/PLntp6DULq'","65","141"
"ABC","1278717079424839680","1278717079424839680","2020-07-02 15:48:03","b'""We should have a study of those bases and why they were named,"" Scott said. https://t.co/h2WpjJhEs6'","23","96"
"ABC","1278714716513284101","1278714716513284101","2020-07-02 15:38:40","b'CIA Director Gina Haspel led a slate of intelligence officials to the U.S. Capitol to brief a select group of lawmakers on reports Russia offered bounties to the Taliban to kill U.S. troops in Afghanistan. https://t.co/vGEODEfg6A'","60","139"
"ABC","1278713150582534149","1278713150582534149","2020-07-02 15:32:27","b'Two Houston hospitals have begun transporting patients to other cities in Texas amid the surge in coronavirus cases. https://t.co/exjvLPUoaf'","127","154"
"ABC","1278713047008325637","1278713047008325637","2020-07-02 15:32:02","b'Pres. Trump touts new employment numbers showing that 4.8 million jobs were added in June, calling it ""spectacular news."" Economic experts have said the numbers could be deceiving, showing only a temporary comeback. https://t.co/QC11PnJuuy'","42","126"
"ABC","1278711557875216384","1278711557875216384","2020-07-02 15:26:07","b""Ghislaine Maxwell, the British socialite who once jet-setted around the world with Jeffrey Epstein, was arrested this morning.\n\nIt's not the first time she's found herself in the middle of a global scandal. https://t.co/KRMG1ZSAhD https://t.co/8Dq93ynyJ0""","108","305"
"ABC","1278709034888167432","1278709034888167432","2020-07-02 15:16:05","b'The American Academy of Pediatrics ""strongly advocates that all policy considerations for the coming school year should start with a goal of having students physically present in school."" https://t.co/adx8z8ycAZ'","19","69"
"ABC","1278708709099819011","1278708709099819011","2020-07-02 15:14:48","b""LATEST: In Florida, the number of diagnosed coronavirus cases jumped by 9,558 in one day, now reaching a total of 169,102 cases, according to the state's Department of Health. https://t.co/8RNiku2guC""","92","183"
"ABC","1278705128992837635","1278705128992837635","2020-07-02 15:00:34","b'NEW: Joe Biden hits Pres. Trump over European Union\'s decision to restrict visitors from the U.S. amid coronavirus resurgence: ""How many times must Americans pay the cost for Donald Trump\'s failures?"" https://t.co/NrTcTNRWxX https://t.co/4OHCiS7o0w'","142","503"
"ABC","1278703204092575745","1278703204092575745","2020-07-02 14:52:55","b'NEW: NYC Mayor Bill de Blasio addresses plan for returning to school in the fall, saying face coverings will be required and schools will implement social distancing, handwashing stations and deep cleaning. https://t.co/1JCgkuZDbH https://t.co/IjrUpNPWB5'","17","77"
"ABC","1278702737161703429","1278702737161703429","2020-07-02 14:51:04","b'COVID-19 may have killed 7,000 in assisted living, congressional report finds. https://t.co/MpQiSvrLPt'","52","95"
"ABC","1278702429169647616","1278702429169647616","2020-07-02 14:49:50","b'Treasury Secretary Steven Mnuchin says that the next phase of stimulus relief could include providing funding to schools so they can safely re-open: \xe2\x80\x9cI think in most cases schools will be able to open safely. some school will need to spend money.\xe2\x80\x9d https://t.co/ORld8tlzXO https://t.co/xWUcsJVMja'","24","76"
"ABC","1278700041163636741","1278700041163636741","2020-07-02 14:40:21","b'Supreme Court agrees to hear arguments over secret grand jury testimony from special counsel Robert Mueller\xe2\x80\x99s Russia investigation, keeping documents out of congressional hands at least until case is resolved, which is not likely to happen before 2021. https://t.co/UnKtZK4A0n'","54","102"
"ABC","1278696970526302210","1278696970526302210","2020-07-02 14:28:09","b'Treasury Sec. Steven Mnuchin says Trump is ""encouraging"" Americans to wear masks, but ""because he\xe2\x80\x99s the president of the United States and people are not around him close and the people who are around are tested, I don\xe2\x80\x99t think he needs to wear a mask.\xe2\x80\x9d https://t.co/ORld8tlzXO https://t.co/F6NB6ARIXv'","48","143"
"ABC","1278696418270642178","1278696418270642178","2020-07-02 14:25:57","b'A new study has found that people who were proactive and stayed home even before lockdown orders were implemented in the United States may have helped slow the spread of the novel coronavirus back in March and April. https://t.co/R7uu70P8tO'","94","366"
"ABC","1278693437655715845","1278693437655715845","2020-07-02 14:14:07","b""MORE: Maxwell's arrest comes almost exactly one year after the arrest of Jeffrey Epstein. \n\nShe was taken into custody in Bradford, New Hampshire, without incident and is expected to make a virtual courthouse appearance. https://t.co/xWXGPLuXyS""","65","228"
"ABC","1278692170694823937","1278692170694823937","2020-07-02 14:09:05","b'Authorities in New York seized about $800,000 worth imported goods from China. https://t.co/bMra7uUfH1'","32","90"
"ABC","1278691454647484419","1278691454647484419","2020-07-02 14:06:14","b'KABOOM: A fireworks stand in Texas caught fire, setting off a display for passing motorists. https://t.co/yJ72e3p8qI https://t.co/DaoxK5UMil'","126","308"
"ABC","1278689393528770567","1278689393528770567","2020-07-02 13:58:02","b'After making remarks about job numbers and the economy, Pres. Trump leaves the White House briefing room without taking questions from reporters. https://t.co/0bGhLGKVMf https://t.co/zPZegoXnRu'","64","252"
"ABC","1278688194087788549","1278688194087788549","2020-07-02 13:53:17","b'Pres. Trump: \xe2\x80\x9cState officials will decide how rapidly to open their economics \xe2\x80\x94 that\xe2\x80\x99s largely up to them. If we see something that\xe2\x80\x99s egregious, we\xe2\x80\x99ve gotten involved with a couple of them ... we\xe2\x80\x99d like to see churches open quickly.\xe2\x80\x9d https://t.co/ORld8tlzXO https://t.co/AkFJQ5C2c6'","51","88"
"ABC","1278687819062484993","1278687819062484993","2020-07-02 13:51:47","b'Pres. Trump predicts that ""you\'re going to have a fantastic third quarter...and the good thing is the numbers will be coming out just prior to the election, so people will be able to see those numbers."" https://t.co/8AjXqeyt1y https://t.co/EGwDjzC8RT'","40","150"
"ABC","1278687204437614592","1278687204437614592","2020-07-02 13:49:21","b'MORE: Another 1.4 million workers filed for unemployment insurance in the last week. https://t.co/8AjXqeyt1y'","62","135"
"ABC","1278687178055389185","1278687178055389185","2020-07-02 13:49:14","b'Miami cop relieved of duty after video shows him appearing to punch a woman in the face. https://t.co/GI8QmxOyc2'","53","105"
